mean_amplitude,std_amplitude,rms_amplitude,num_peaks,mean_peak_interval,std_peak_interval,skewness,kurtosis,dominant_frequency,total_power,peak_power
108.60755799623921,12.96455363615443,109.37861447692227,87,0.11434883720930232,0.05142340600052112,0.08198662555535559,-0.9555376786502232,0.1171835808166951,292.77148321371936,159.63295867760718
