mean_amplitude,std_amplitude,rms_amplitude,num_peaks,mean_peak_interval,std_peak_interval,skewness,kurtosis,dominant_frequency,total_power,peak_power
86.79577578176855,1.68546943511142,86.81213913258753,90,0.11123595505617978,0.045226526588208464,1.6010398244490316,3.7417410416134262,0.1171835808166951,18.883453512845218,7.401943362627487
