mean_amplitude,std_amplitude,rms_amplitude,num_peaks,mean_peak_interval,std_peak_interval,skewness,kurtosis,dominant_frequency,total_power,peak_power
72.60525900768113,3.5021575597585657,72.68967425395327,28,0.1259259259259259,0.05771701458227729,0.3882330635159952,1.5219383857202815,0.5608005692654835,22.68494535593038,10.038633819337907
