mean_amplitude,std_amplitude,rms_amplitude,num_peaks,mean_peak_interval,std_peak_interval,skewness,kurtosis,dominant_frequency,total_power,peak_power
120.88678688889952,8.710929898749177,121.20022914179303,44,0.11472093023255814,0.05494196751558419,-0.6782821109997218,-1.0965792671395125,0.19229528616019811,179.94984803566442,133.85884090529433
