mean_amplitude,std_amplitude,rms_amplitude,num_peaks,mean_peak_interval,std_peak_interval,skewness,kurtosis,dominant_frequency,total_power,peak_power
92.41760622731601,4.16345006491638,92.51134123571171,25,0.14308333333333334,0.07362003614656963,-0.2607649415832253,-0.4315769453088647,0.2830188679245283,17.801177590709184,5.421035411658723
