mean_amplitude,std_amplitude,rms_amplitude,num_peaks,mean_peak_interval,std_peak_interval,skewness,kurtosis,dominant_frequency,total_power,peak_power
87.50118748928045,3.731128742561742,87.58070069214897,67,0.10859090909090909,0.050349679446702315,0.2005401030456079,0.6603754526933954,0.13332738121810037,49.35879884935725,21.366295483921586
