mean_amplitude,std_amplitude,rms_amplitude,num_peaks,mean_peak_interval,std_peak_interval,skewness,kurtosis,dominant_frequency,total_power,peak_power
114.28690634370554,10.647772689415634,114.78184536267217,78,0.11168831168831171,0.05171858409996782,0.17778297787332056,-1.4392104258761853,0.1171875,516.0472324069569,334.751137305428
