mean_amplitude,std_amplitude,rms_amplitude,num_peaks,mean_peak_interval,std_peak_interval,skewness,kurtosis,dominant_frequency,total_power,peak_power
89.30103146986717,5.288333986125094,89.4574798322142,92,0.1076923076923077,0.0440263887669812,1.4832496828571797,1.0273632411036515,0.1171835808166951,98.29990575903602,59.07609427582015
