mean_amplitude,std_amplitude,rms_amplitude,num_peaks,mean_peak_interval,std_peak_interval,skewness,kurtosis,dominant_frequency,total_power,peak_power
99.38040661561375,4.278203129331516,99.47244965868965,32,0.11074193548387096,0.0444020979902,0.17313493560397,-0.17528816593966523,0.27775181966379053,50.10075043723806,15.706395615583816
