mean_amplitude,std_amplitude,rms_amplitude,num_peaks,mean_peak_interval,std_peak_interval,skewness,kurtosis,dominant_frequency,total_power,peak_power
86.24163644602748,1.391690296030836,86.25286464094303,89,0.11173863636363636,0.044624823482763136,-0.2853012240269472,0.9195745128884427,0.1171835808166951,10.612816080618193,3.096609368677261
