mean_amplitude,std_amplitude,rms_amplitude,num_peaks,mean_peak_interval,std_peak_interval,skewness,kurtosis,dominant_frequency,total_power,peak_power
94.92872462846135,9.383795106929393,95.39139568218444,91,0.10815555555555556,0.043122283775615264,0.43392536803769827,-1.4458547223858085,0.1171835808166951,388.8904137146366,301.41850746469345
