mean_amplitude,std_amplitude,rms_amplitude,num_peaks,mean_peak_interval,std_peak_interval,skewness,kurtosis,dominant_frequency,total_power,peak_power
123.17969718664608,6.962380064285357,123.37630459352144,37,0.11574999999999999,0.05637393753618187,-1.059606337102405,-0.07040673859533664,0.222205639711796,80.93212428496523,55.013096103599786
