mean_amplitude,std_amplitude,rms_amplitude,num_peaks,mean_peak_interval,std_peak_interval,skewness,kurtosis,dominant_frequency,total_power,peak_power
115.7479327697503,10.097445914970239,116.18753097676355,70,0.11304347826086956,0.05328279347646221,0.08656236655008706,-1.4733071662310029,0.12345168881400166,521.4382066340373,349.9654180045038
