mean_amplitude,std_amplitude,rms_amplitude,num_peaks,mean_peak_interval,std_peak_interval,skewness,kurtosis,dominant_frequency,total_power,peak_power
119.45688868389321,9.34504859706459,119.82186022307262,50,0.11224489795918367,0.05291831618877245,-0.41009986565888357,-1.5040513083245526,0.17342048721074318,272.02802017116556,208.25842002653124
