mean_amplitude,std_amplitude,rms_amplitude,num_peaks,mean_peak_interval,std_peak_interval,skewness,kurtosis,dominant_frequency,total_power,peak_power
87.27662887715506,2.5837780494141005,87.31486618651655,90,0.11011235955056178,0.044221718748136185,2.239599010539108,5.679147077562142,0.1171835808166951,30.771029037232655,13.676227644861967
