mean_amplitude,std_amplitude,rms_amplitude,num_peaks,mean_peak_interval,std_peak_interval,skewness,kurtosis,dominant_frequency,total_power,peak_power
93.34776990811203,9.075423591914243,93.7878961283944,90,0.11011235955056181,0.047527978324835206,0.7877290622892749,-0.9496442891012058,0.1171835808166951,323.84342662364475,237.78275438061814
