mean_amplitude,std_amplitude,rms_amplitude,num_peaks,mean_peak_interval,std_peak_interval,skewness,kurtosis,dominant_frequency,total_power,peak_power
75.05628677132468,4.12292770190236,75.16944004536977,52,0.11764705882352941,0.05225909191162734,-0.3233250141929907,-0.5444456397254664,0.16304347826086957,40.74941761785889,16.03464189918456
