mean_amplitude,std_amplitude,rms_amplitude,num_peaks,mean_peak_interval,std_peak_interval,skewness,kurtosis,dominant_frequency,total_power,peak_power
87.02388196501128,2.0443265227576433,87.04789086009991,90,0.11085393258426966,0.04401137507758841,1.88753298220431,4.287425523368155,0.1171835808166951,23.752504015859625,9.980959956853557
