mean_amplitude,std_amplitude,rms_amplitude,num_peaks,mean_peak_interval,std_peak_interval,skewness,kurtosis,dominant_frequency,total_power,peak_power
91.80143077372603,4.365004696110967,91.9051465267331,31,0.1178,0.04776846937747391,-1.127851239825941,0.897454693857163,0.5504587155963303,9.427571221036322,2.225556001093762
