mean_amplitude,std_amplitude,rms_amplitude,num_peaks,mean_peak_interval,std_peak_interval,skewness,kurtosis,dominant_frequency,total_power,peak_power
99.45599009391717,10.63906358710428,100.02341545644099,91,0.10851111111111111,0.045330697091104113,0.13008949834865136,-1.1971302636074788,0.1171835808166951,323.53005140634156,213.29264495027084
