mean_amplitude,std_amplitude,rms_amplitude,num_peaks,mean_peak_interval,std_peak_interval,skewness,kurtosis,dominant_frequency,total_power,peak_power
117.00510524866611,7.7793746185081,117.26343557864288,30,0.11262068965517241,0.04572361782613645,-0.17439644271027738,-0.27009742866621833,0.2856868158281484,139.1647587666057,42.51218154051795
