mean_amplitude,std_amplitude,rms_amplitude,num_peaks,mean_peak_interval,std_peak_interval,skewness,kurtosis,dominant_frequency,total_power,peak_power
111.05946993486056,12.503043127313502,111.76104844558168,89,0.11173863636363636,0.05121467614547568,0.04650919861277236,-1.071332773660815,0.1171835808166951,462.45374379355417,290.14421169412583
