mean_amplitude,std_amplitude,rms_amplitude,num_peaks,mean_peak_interval,std_peak_interval,skewness,kurtosis,dominant_frequency,total_power,peak_power
88.60276262027243,3.4700441769375003,88.67068709857978,54,0.1050377358490566,0.04949136088673249,-0.20382891358823163,2.328852173664021,0.3409285725418076,10.401257636051497,3.635326621216467
