mean_amplitude,std_amplitude,rms_amplitude,num_peaks,mean_peak_interval,std_peak_interval,skewness,kurtosis,dominant_frequency,total_power,peak_power
90.23683752608288,2.425615326415421,90.26943256950507,33,0.09999999999999999,0.04864283092090755,2.1294371652329525,6.298790809766906,0.28040028463274175,11.280341815350225,5.4171519331486735
