mean_amplitude,std_amplitude,rms_amplitude,num_peaks,mean_peak_interval,std_peak_interval,skewness,kurtosis,dominant_frequency,total_power,peak_power
85.74363172065067,4.165235746915394,85.84474107057434,89,0.11136363636363637,0.052467561800814626,-0.012832267433039578,-0.9808688935407059,0.1171835808166951,82.27683642599851,35.64259480361872
