mean_amplitude,std_amplitude,rms_amplitude,num_peaks,mean_peak_interval,std_peak_interval,skewness,kurtosis,dominant_frequency,total_power,peak_power
116.7927223146851,9.536232418522117,117.18139662256638,64,0.11587301587301588,0.054372171939151934,0.0855816735471829,-1.578542909081866,0.13157315119435964,510.0543809550711,356.9955979549372
