mean_amplitude,std_amplitude,rms_amplitude,num_peaks,mean_peak_interval,std_peak_interval,skewness,kurtosis,dominant_frequency,total_power,peak_power
84.76337221408006,2.405226032000954,84.79749041904303,89,0.1125,0.04716147310522167,-0.9005782483303216,-0.0932271962722675,0.1171835808166951,18.878291918415677,9.684206063083042
