mean_amplitude,std_amplitude,rms_amplitude,num_peaks,mean_peak_interval,std_peak_interval,skewness,kurtosis,dominant_frequency,total_power,peak_power
85.95206612619069,1.7508275927456645,85.96989629295,89,0.11212500000000002,0.0464155666726741,-0.8163072100984934,1.206946103581601,0.1171835808166951,9.353329971633094,2.3349707475636268
