mean_amplitude,std_amplitude,rms_amplitude,num_peaks,mean_peak_interval,std_peak_interval,skewness,kurtosis,dominant_frequency,total_power,peak_power
98.63688241031367,11.610194734284596,99.31782918184454,31,0.10776666666666666,0.037265429317562195,-0.6985810372052882,-0.5766333849868999,0.2830188679245283,179.1247246999611,81.08104637447794
