mean_amplitude,std_amplitude,rms_amplitude,num_peaks,mean_peak_interval,std_peak_interval,skewness,kurtosis,dominant_frequency,total_power,peak_power
87.66780992496442,3.3276044805296445,87.7309400873975,90,0.11048314606741572,0.04396221880475423,2.3760734781226653,5.785794605680682,0.1171835808166951,41.633976928955825,19.431706537662425
