mean_amplitude,std_amplitude,rms_amplitude,num_peaks,mean_peak_interval,std_peak_interval,skewness,kurtosis,dominant_frequency,total_power,peak_power
101.13683994146797,11.340898650688017,101.7707048985674,87,0.11202325581395349,0.04885335834881581,0.19889885380257263,-0.9407634410069443,0.1171835808166951,244.28835633867874,140.77480699146898
