mean_amplitude,std_amplitude,rms_amplitude,num_peaks,mean_peak_interval,std_peak_interval,skewness,kurtosis,dominant_frequency,total_power,peak_power
108.42674734395281,12.560396474585492,109.15183507018175,28,0.121,0.054594125311415324,-0.3241538416260443,-1.4598287411697721,0.28848954715543706,562.398035396022,266.7955953504254
