mean_amplitude,std_amplitude,rms_amplitude,num_peaks,mean_peak_interval,std_peak_interval,skewness,kurtosis,dominant_frequency,total_power,peak_power
83.23978612974349,5.6677242980802225,83.43251820270372,85,0.11547619047619047,0.04752955877047571,-0.6825429467767551,-0.40362451771779506,0.11718354109658458,351.121338203837,108.52072228854155
