mean_amplitude,std_amplitude,rms_amplitude,num_peaks,mean_peak_interval,std_peak_interval,skewness,kurtosis,dominant_frequency,total_power,peak_power
85.79539524467965,1.8460572419764703,85.81525372875998,88,0.11264367816091955,0.04661383964276327,-0.8201637523567684,0.9395462299346824,0.1171835808166951,8.747441212751294,2.012030996333507
