mean_amplitude,std_amplitude,rms_amplitude,num_peaks,mean_peak_interval,std_peak_interval,skewness,kurtosis,dominant_frequency,total_power,peak_power
113.742660998756,10.957495926566525,114.26924191600578,81,0.11124999999999999,0.051055484524191876,0.15930041083655228,-1.3732236560139506,0.11718323879131667,516.0659977608625,334.7633100740573
