mean_amplitude,std_amplitude,rms_amplitude,num_peaks,mean_peak_interval,std_peak_interval,skewness,kurtosis,dominant_frequency,total_power,peak_power
103.38074565947802,15.75528106547237,104.57441108876361,27,0.1295,0.06683921580352935,-1.8095658942789323,2.361828345016304,0.27522935779816515,726.9270062150083,210.96445901323435
