mean_amplitude,std_amplitude,rms_amplitude,num_peaks,mean_peak_interval,std_peak_interval,skewness,kurtosis,dominant_frequency,total_power,peak_power
94.45359198377716,6.004389231419389,94.6442482598929,29,0.11667857142857142,0.06139686681828348,0.34347150285520905,-1.4600498441978453,0.2856868158281484,93.78408836466454,58.82824851464047
