mean_amplitude,std_amplitude,rms_amplitude,num_peaks,mean_peak_interval,std_peak_interval,skewness,kurtosis,dominant_frequency,total_power,peak_power
130.524287639242,14.275168586918513,131.30258985228178,25,0.14024999999999999,0.06796337861917501,-0.6296225731733585,-1.1808938940620888,0.28040028463274175,594.5479523355721,381.442671313699
