mean_amplitude,std_amplitude,rms_amplitude,num_peaks,mean_peak_interval,std_peak_interval,skewness,kurtosis,dominant_frequency,total_power,peak_power
88.90429566502122,4.860740889460903,89.03707424263216,91,0.10925555555555558,0.04358199452656542,1.5669398853452035,1.102721061726386,0.1171835808166951,82.75158594049549,46.843095734833405
