mean_amplitude,std_amplitude,rms_amplitude,num_peaks,mean_peak_interval,std_peak_interval,skewness,kurtosis,dominant_frequency,total_power,peak_power
100.34721361062718,11.04424794312757,100.95315097631236,90,0.11086516853932585,0.04850835466352788,0.17428151499720287,-1.0265219148137916,0.1171835808166951,281.4853799963209,174.19510076050088
