mean_amplitude,std_amplitude,rms_amplitude,num_peaks,mean_peak_interval,std_peak_interval,skewness,kurtosis,dominant_frequency,total_power,peak_power
91.55611682530994,7.869910132605225,91.89373217812566,91,0.10963333333333335,0.047022087008837345,1.2089619605782047,0.12375711607929896,0.1171835808166951,219.62399505953678,147.04590020291687
