mean_amplitude,std_amplitude,rms_amplitude,num_peaks,mean_peak_interval,std_peak_interval,skewness,kurtosis,dominant_frequency,total_power,peak_power
98.30905550098902,5.3694974938611715,98.45558337053882,20,0.17721052631578948,0.11500323974721137,0.2229385910652871,-0.3007471228329539,0.28040028463274175,79.7070531884978,24.823040432131254
