mean_amplitude,std_amplitude,rms_amplitude,num_peaks,mean_peak_interval,std_peak_interval,skewness,kurtosis,dominant_frequency,total_power,peak_power
122.0454624689822,7.9096656034774995,122.30150334001041,40,0.11623076923076922,0.056437149766508064,-0.8675108397701556,-0.6681326635505052,0.20689655172413796,123.2470513935904,88.69489896378921
