mean_amplitude,std_amplitude,rms_amplitude,num_peaks,mean_peak_interval,std_peak_interval,skewness,kurtosis,dominant_frequency,total_power,peak_power
85.5182168768506,1.7814697573373812,85.53677017687986,87,0.11317441860465115,0.046958960771667446,-0.9191319028286635,0.6755807443264916,0.1171835808166951,9.685098105444307,2.565071195538013
