mean_amplitude,std_amplitude,rms_amplitude,num_peaks,mean_peak_interval,std_peak_interval,skewness,kurtosis,dominant_frequency,total_power,peak_power
88.13113622448705,4.324854431725423,88.23718908756506,35,0.09802941176470588,0.03702343081165958,1.515215457480717,3.957181175548084,1.4424477357771854,16.467536220970732,2.0352882404507087
