mean_amplitude,std_amplitude,rms_amplitude,num_peaks,mean_peak_interval,std_peak_interval,skewness,kurtosis,dominant_frequency,total_power,peak_power
115.13707797901195,10.344957720768083,115.60088613756193,74,0.1114109589041096,0.052391266556643466,0.12220426987622501,-1.4619304433549614,0.11857707509881422,517.8456928606712,338.39441338645975
