mean_amplitude,std_amplitude,rms_amplitude,num_peaks,mean_peak_interval,std_peak_interval,skewness,kurtosis,dominant_frequency,total_power,peak_power
95.82591133989366,9.554960117165432,96.30110356045655,92,0.10842857142857142,0.04296283670242947,0.27737666334359184,-1.5761760431525345,0.1171835808166951,408.6538616661401,314.53001216622033
