mean_amplitude,std_amplitude,rms_amplitude,num_peaks,mean_peak_interval,std_peak_interval,skewness,kurtosis,dominant_frequency,total_power,peak_power
81.66619649792833,2.1856900166706574,81.69543984389347,32,0.10106451612903226,0.04017536998956111,-0.2381936523143026,0.10919950349580931,0.28848954715543706,17.096236027937675,4.346784425607462
