mean_amplitude,std_amplitude,rms_amplitude,num_peaks,mean_peak_interval,std_peak_interval,skewness,kurtosis,dominant_frequency,total_power,peak_power
84.46646202402144,3.1548877557355985,84.52536023943787,88,0.11264367816091955,0.047509461129505076,-2.600128613479799,13.163694348086885,0.1171835808166951,19.4926792620283,10.615678575114138
