mean_amplitude,std_amplitude,rms_amplitude,num_peaks,mean_peak_interval,std_peak_interval,skewness,kurtosis,dominant_frequency,total_power,peak_power
145.97957452837557,1.3122013336386558,145.98547205741247,32,0.10967741935483873,0.045012820465324045,3.3667732890942883,17.824032068970645,0.26785714285714285,0.7412824420520231,0.2847209643810112
