mean_amplitude,std_amplitude,rms_amplitude,num_peaks,mean_peak_interval,std_peak_interval,skewness,kurtosis,dominant_frequency,total_power,peak_power
84.9270653029571,2.2230984243382954,84.95615685503337,88,0.11264367816091955,0.047509461129505104,-0.9294412387282879,0.1042598909133412,0.1171835808166951,18.47461794305905,8.700607544403598
