mean_amplitude,std_amplitude,rms_amplitude,num_peaks,mean_peak_interval,std_peak_interval,skewness,kurtosis,dominant_frequency,total_power,peak_power
120.1396294093707,9.116183799342918,120.48500056722551,46,0.11406666666666666,0.05424078006649817,-0.5499106622820642,-1.318774374043176,0.18293805246169526,223.96336425100628,169.20551128718265
