mean_amplitude,std_amplitude,rms_amplitude,num_peaks,mean_peak_interval,std_peak_interval,skewness,kurtosis,dominant_frequency,total_power,peak_power
111.2283306795671,7.519800379801277,111.4822359998004,17,0.1791875,0.13382321302281602,-0.5854847374679653,-0.048125730977579995,0.27522935779816515,142.26981060553737,73.60646409112115
