mean_amplitude,std_amplitude,rms_amplitude,num_peaks,mean_peak_interval,std_peak_interval,skewness,kurtosis,dominant_frequency,total_power,peak_power
126.08838323637471,3.4514184249964766,126.13561224454932,30,0.11610344827586207,0.05230899232220563,-0.5559446844203302,-0.533472044541071,0.27275229587368316,21.03613877632396,11.204271092037951
