mean_amplitude,std_amplitude,rms_amplitude,num_peaks,mean_peak_interval,std_peak_interval,skewness,kurtosis,dominant_frequency,total_power,peak_power
78.53733517588357,3.3572180566703747,78.60905755451539,31,0.11443333333333335,0.05991977043421385,-0.6003973264534322,-0.04987773158616715,0.28040028463274175,51.13986456637261,14.347553150897273
