mean_amplitude,std_amplitude,rms_amplitude,num_peaks,mean_peak_interval,std_peak_interval,skewness,kurtosis,dominant_frequency,total_power,peak_power
106.5937480778305,12.74464111556306,107.3529366456479,86,0.11490588235294116,0.051216868436646426,0.16657552014172672,-0.91106754265605,0.1171835808166951,178.28027669365417,76.26462203870497
