mean_amplitude,std_amplitude,rms_amplitude,num_peaks,mean_peak_interval,std_peak_interval,skewness,kurtosis,dominant_frequency,total_power,peak_power
102.8354768338058,4.699161942823716,102.94278711304204,32,0.114,0.05415866773031422,-0.282307070065963,7.721638698166069,0.5504587155963303,46.98415293261625,8.889938927095308
