mean_amplitude,std_amplitude,rms_amplitude,num_peaks,mean_peak_interval,std_peak_interval,skewness,kurtosis,dominant_frequency,total_power,peak_power
108.81240610878444,12.278421832384758,109.50296510084561,28,0.11729629629629629,0.047442608458996956,0.39504941511102787,-0.5947550819739496,0.28848954715543706,204.6576837850288,161.5318783438708
