mean_amplitude,std_amplitude,rms_amplitude,num_peaks,mean_peak_interval,std_peak_interval,skewness,kurtosis,dominant_frequency,total_power,peak_power
99.18342664723095,12.70366244399282,99.99367560489792,30,0.11837931034482758,0.05430400619824978,-0.09266160901596837,-1.5062175567729292,0.28040028463274175,332.3314465881166,111.32834129677666
