mean_amplitude,std_amplitude,rms_amplitude,num_peaks,mean_peak_interval,std_peak_interval,skewness,kurtosis,dominant_frequency,total_power,peak_power
85.08110843703926,2.0257831971637765,85.10522199276109,88,0.11149425287356321,0.04648392963269111,-0.8479273076108061,-0.11922533582204498,0.1171835808166951,17.5581770657319,7.616180411060428
