mean_amplitude,std_amplitude,rms_amplitude,num_peaks,mean_peak_interval,std_peak_interval,skewness,kurtosis,dominant_frequency,total_power,peak_power
124.02515290661417,6.279798108385093,124.18403447219413,35,0.11470588235294117,0.05726539321017165,-1.3198748227662214,0.9806154384287664,0.23622047244094488,57.33266179587438,35.85089118817439
