mean_amplitude,std_amplitude,rms_amplitude,num_peaks,mean_peak_interval,std_peak_interval,skewness,kurtosis,dominant_frequency,total_power,peak_power
104.58949055280586,12.325871854532036,105.31328810302054,87,0.11433720930232556,0.051449367854980735,0.23463267885914973,-0.8515077475105555,0.1171835808166951,141.27280104853696,51.742272922768755
