mean_amplitude,std_amplitude,rms_amplitude,num_peaks,mean_peak_interval,std_peak_interval,skewness,kurtosis,dominant_frequency,total_power,peak_power
99.85424835446672,3.8516111408126816,99.92850355536982,31,0.10889999999999998,0.04121516711114974,0.15604467262692898,-0.5823910171836459,0.29705940891118815,33.8827794199624,5.118108498131801
