mean_amplitude,std_amplitude,rms_amplitude,num_peaks,mean_peak_interval,std_peak_interval,skewness,kurtosis,dominant_frequency,total_power,peak_power
88.10779709167505,3.974192671476621,88.1973815696237,90,0.11049438202247193,0.04397653194257989,2.116065004759143,3.790191370532694,0.1171835808166951,55.272361590274095,27.199907409182558
