mean_amplitude,std_amplitude,rms_amplitude,num_peaks,mean_peak_interval,std_peak_interval,skewness,kurtosis,dominant_frequency,total_power,peak_power
86.09897767995547,1.5605786731745597,86.11311957726673,88,0.1130344827586207,0.04672257282020505,-0.6162991848132392,1.2061110495389582,0.1171835808166951,9.885618002951924,2.681392655490544
