mean_amplitude,std_amplitude,rms_amplitude,num_peaks,mean_peak_interval,std_peak_interval,skewness,kurtosis,dominant_frequency,total_power,peak_power
97.59788758372761,9.875461118159446,98.09624046364983,92,0.1065934065934066,0.04226056744676525,0.08163079293013585,-1.5445160177135795,0.1171835808166951,395.6462474853904,286.02108816117334
