mean_amplitude,std_amplitude,rms_amplitude,num_peaks,mean_peak_interval,std_peak_interval,skewness,kurtosis,dominant_frequency,total_power,peak_power
112.64088064949237,11.674444194562888,113.24425213115742,85,0.11229761904761902,0.05184931917675451,0.08910067425588193,-1.2297010005387914,0.11718345919106239,516.0650271391088,334.76268044809365
