mean_amplitude,std_amplitude,rms_amplitude,num_peaks,mean_peak_interval,std_peak_interval,skewness,kurtosis,dominant_frequency,total_power,peak_power
85.40573632470375,1.7282281293849164,85.42322031878699,88,0.11379310344827587,0.04669887343420374,-0.9725197070479669,0.6195156035626637,0.1171835808166951,11.81746086978599,3.7042582593989963
