mean_amplitude,std_amplitude,rms_amplitude,num_peaks,mean_peak_interval,std_peak_interval,skewness,kurtosis,dominant_frequency,total_power,peak_power
117.49739896614808,9.28994534852382,117.864082096238,61,0.11278333333333333,0.05168368268182479,0.055484485042785754,-1.7112322655915173,0.13954140434730158,472.2018277793256,342.83320690877963
