mean_amplitude,std_amplitude,rms_amplitude,num_peaks,mean_peak_interval,std_peak_interval,skewness,kurtosis,dominant_frequency,total_power,peak_power
121.51219804750149,8.290284009183003,121.79467592340869,42,0.1154390243902439,0.055663207089049704,-0.7752156174547206,-0.8952105242292085,0.19998657808200793,147.79541173487777,108.30704572328929
