mean_amplitude,std_amplitude,rms_amplitude,num_peaks,mean_peak_interval,std_peak_interval,skewness,kurtosis,dominant_frequency,total_power,peak_power
102.21195254223814,11.717594395706849,102.88141358340215,87,0.11356976744186048,0.05059840531949745,0.21924019804573608,-0.8722758548074432,0.1171835808166951,197.6639821281812,100.2346646718667
