mean_amplitude,std_amplitude,rms_amplitude,num_peaks,mean_peak_interval,std_peak_interval,skewness,kurtosis,dominant_frequency,total_power,peak_power
93.42580530332546,4.480942690830258,93.53320236137209,29,0.12025,0.05137371826694496,0.8458001216044602,0.39987753599966247,0.2830188679245283,14.74413294008978,4.418009625024342
