mean_amplitude,std_amplitude,rms_amplitude,num_peaks,mean_peak_interval,std_peak_interval,skewness,kurtosis,dominant_frequency,total_power,peak_power
119.68361735574254,8.725395652389832,120.00125329614913,23,0.15,0.09732840377720257,-1.0705926137455837,-0.2460687807055093,0.28040028463274175,98.01212872095827,69.81059937092009
