mean_amplitude,std_amplitude,rms_amplitude,num_peaks,mean_peak_interval,std_peak_interval,skewness,kurtosis,dominant_frequency,total_power,peak_power
172.57307181472643,36.89295234908123,176.47253341129968,24,0.13621739130434782,0.06050149586489874,-0.5886668550786929,-0.4082633110577931,0.29126213592233013,1344.1374890710765,374.6845250959203
