mean_amplitude,std_amplitude,rms_amplitude,num_peaks,mean_peak_interval,std_peak_interval,skewness,kurtosis,dominant_frequency,total_power,peak_power
94.37045279277945,9.32875424201121,94.83041714567145,91,0.10814444444444445,0.04300427914395682,0.544880043492122,-1.3201046375696828,0.1171835808166951,369.8495252678506,284.26548349372894
