mean_amplitude,std_amplitude,rms_amplitude,num_peaks,mean_peak_interval,std_peak_interval,skewness,kurtosis,dominant_frequency,total_power,peak_power
92.23124618258659,8.413322996223801,92.61418237090732,90,0.11048314606741573,0.04737446151235292,1.0554197890225097,-0.33235230264966287,0.1171835808166951,261.0124518491265,180.4160500640458
