mean_amplitude,std_amplitude,rms_amplitude,num_peaks,mean_peak_interval,std_peak_interval,skewness,kurtosis,dominant_frequency,total_power,peak_power
113.3050112946754,11.239670723964787,113.86112498333078,83,0.11137804878048779,0.050501301660090606,0.13051216208078958,-1.3100332257879013,0.11718332977474111,516.065597077149,334.7630501572894
