mean_amplitude,std_amplitude,rms_amplitude,num_peaks,mean_peak_interval,std_peak_interval,skewness,kurtosis,dominant_frequency,total_power,peak_power
85.60637830358841,1.8312542168823254,85.62596275817249,89,0.11173863636363636,0.04685555519557896,-0.8560455903348524,0.6459740198904522,0.1171835808166951,8.757548069644562,2.044343866624815
