mean_amplitude,std_amplitude,rms_amplitude,num_peaks,mean_peak_interval,std_peak_interval,skewness,kurtosis,dominant_frequency,total_power,peak_power
84.777252570726,1.981681400180458,84.80041046252366,24,0.14491304347826087,0.15879818010223143,1.095973824877194,3.5994287126472395,0.8570604474844452,2.9428846135121995,0.7773723184442739
