mean_amplitude,std_amplitude,rms_amplitude,num_peaks,mean_peak_interval,std_peak_interval,skewness,kurtosis,dominant_frequency,total_power,peak_power
148.95269437199588,19.293183903685556,150.19697768536702,30,0.11951724137931033,0.0570750387434159,-1.6149675676589397,1.5172305074264316,0.27275229587368316,557.3162121031115,280.1439826650681
