mean_amplitude,std_amplitude,rms_amplitude,num_peaks,mean_peak_interval,std_peak_interval,skewness,kurtosis,dominant_frequency,total_power,peak_power
125.0144990097295,5.148174485583865,125.12045661356768,32,0.1193548387096774,0.05789397895435704,-1.5446559404928548,2.746113321070785,0.2521222066248315,36.92679662595389,21.451110717032655
