mean_amplitude,std_amplitude,rms_amplitude,num_peaks,mean_peak_interval,std_peak_interval,skewness,kurtosis,dominant_frequency,total_power,peak_power
88.46633063619345,4.414387216117914,88.57639906163563,91,0.10963333333333335,0.044042265054276074,1.8510338310240324,2.3434801224335895,0.1171835808166951,67.17015913198176,35.02491429351572
