mean_amplitude,std_amplitude,rms_amplitude,num_peaks,mean_peak_interval,std_peak_interval,skewness,kurtosis,dominant_frequency,total_power,peak_power
101.47741271904479,1.5778598106068973,101.4896789517697,35,0.09902941176470588,0.031713316273542645,0.3798125441176198,-0.31722157951155205,0.2856868158281484,6.13759621131281,3.502004059330316
