mean_amplitude,std_amplitude,rms_amplitude,num_peaks,mean_peak_interval,std_peak_interval,skewness,kurtosis,dominant_frequency,total_power,peak_power
99.70409675534162,11.096126482771078,100.31964380279756,29,0.11785714285714285,0.06197390826890338,3.343909069532555,15.933505181045865,0.27275229587368316,233.50693213085816,43.20127401919824
