mean_amplitude,std_amplitude,rms_amplitude,num_peaks,mean_peak_interval,std_peak_interval,skewness,kurtosis,dominant_frequency,total_power,peak_power
105.79309530820062,12.591089336219714,106.53973223902287,87,0.11433720930232559,0.051434223170397364,0.1967505900728019,-0.8897311967016881,0.1171835808166951,152.64738789496027,58.315166725778525
