mean_amplitude,std_amplitude,rms_amplitude,num_peaks,mean_peak_interval,std_peak_interval,skewness,kurtosis,dominant_frequency,total_power,peak_power
79.49722921374473,5.794322544596752,79.70811518542818,30,0.11724137931034483,0.045361882199906486,-0.757434133348332,-0.8971920058769789,0.2830188679245283,44.72779737392382,27.211161410784744
