mean_amplitude,std_amplitude,rms_amplitude,num_peaks,mean_peak_interval,std_peak_interval,skewness,kurtosis,dominant_frequency,total_power,peak_power
116.27894387547826,9.840588642693012,116.69460130456471,67,0.11363636363636363,0.05410193419598375,0.07143495271484605,-1.5018472918314962,0.12765957446808507,518.2532598894178,355.770818236651
