mean_amplitude,std_amplitude,rms_amplitude,num_peaks,mean_peak_interval,std_peak_interval,skewness,kurtosis,dominant_frequency,total_power,peak_power
120.92600318551852,3.2927758616023968,120.9708254882093,30,0.10920689655172415,0.04772650482470301,-1.1556524710828973,1.4355915160030368,0.3,24.615434458988325,11.000874017414032
