mean_amplitude,std_amplitude,rms_amplitude,num_peaks,mean_peak_interval,std_peak_interval,skewness,kurtosis,dominant_frequency,total_power,peak_power
110.12513500078484,1.2753512926640633,110.13251962913037,27,0.1281923076923077,0.054288417259307845,1.1281468425610095,6.740858247812401,0.27775181966379053,0.444581623993829,0.16911627484794672
