mean_amplitude,std_amplitude,rms_amplitude,num_peaks,mean_peak_interval,std_peak_interval,skewness,kurtosis,dominant_frequency,total_power,peak_power
83.86346409291838,4.040334726174894,83.96073436055538,85,0.11586904761904762,0.05237406204681323,0.14021161846831176,-1.177380040564081,0.1171835808166951,63.068578097022574,19.934145763874692
