mean_amplitude,std_amplitude,rms_amplitude,num_peaks,mean_peak_interval,std_peak_interval,skewness,kurtosis,dominant_frequency,total_power,peak_power
118.9698575455049,9.360640185393596,119.33754056908553,53,0.11090384615384614,0.052192049061203796,-0.29011251286220063,-1.60178572273468,0.16484427225352138,317.16933813626264,244.3640844308873
