mean_amplitude,std_amplitude,rms_amplitude,num_peaks,mean_peak_interval,std_peak_interval,skewness,kurtosis,dominant_frequency,total_power,peak_power
118.16105566401401,9.338669983154979,118.5295146058082,56,0.11272727272727273,0.051833107898139476,-0.0967898155963676,-1.694284145519806,0.15075376884422112,402.2349309993541,304.02758067728456
