mean_amplitude,std_amplitude,rms_amplitude,num_peaks,mean_peak_interval,std_peak_interval,skewness,kurtosis,dominant_frequency,total_power,peak_power
114.69414216421488,10.486894080369561,115.17257136244734,76,0.11244,0.052126062579097576,0.15934116513730961,-1.4585395541230128,0.11718299296180916,516.0670803774342,334.7640123491705
