mean_amplitude,std_amplitude,rms_amplitude,num_peaks,mean_peak_interval,std_peak_interval,skewness,kurtosis,dominant_frequency,total_power,peak_power
92.83490869115465,8.835465023281577,93.25441391093857,90,0.10974157303370788,0.047358429618733544,0.924716323006649,-0.6633660694115049,0.1171835808166951,295.51601704467174,210.3616149766959
