mean_amplitude,std_amplitude,rms_amplitude,num_peaks,mean_peak_interval,std_peak_interval,skewness,kurtosis,dominant_frequency,total_power,peak_power
93.84295152509726,9.251595353091897,94.29788739690359,90,0.11085393258426968,0.0474518207608891,0.6622252882744794,-1.1615471775529422,0.1171835808166951,348.3140885383296,262.7046908004585
