mean_amplitude,std_amplitude,rms_amplitude,num_peaks,mean_peak_interval,std_peak_interval,skewness,kurtosis,dominant_frequency,total_power,peak_power
113.61489029791119,6.876753035532801,113.82281418818505,26,0.14135999999999999,0.06273492169438004,-0.7753540728075063,-1.218014251327474,0.26785714285714285,109.86185398974153,61.274029256999995
