mean_amplitude,std_amplitude,rms_amplitude,num_peaks,mean_peak_interval,std_peak_interval,skewness,kurtosis,dominant_frequency,total_power,peak_power
72.10208482594133,8.58183257392834,72.61100802615383,24,0.14782608695652175,0.06940595900610876,-0.8736652323590927,0.8118378474245107,0.5504587155963303,27.66795709956065,17.681737932102493
