mean_amplitude,std_amplitude,rms_amplitude,num_peaks,mean_peak_interval,std_peak_interval,skewness,kurtosis,dominant_frequency,total_power,peak_power
100.8350767162043,8.54476382570057,101.19647071513809,27,0.1358846153846154,0.06676614003835557,1.4828648292570636,1.7800471987524378,0.5404914049582716,57.81787971972204,14.764649912677122
