mean_amplitude,std_amplitude,rms_amplitude,num_peaks,mean_peak_interval,std_peak_interval,skewness,kurtosis,dominant_frequency,total_power,peak_power
52.52178131297615,4.955765461436255,52.7550672788582,31,0.11443333333333335,0.04996977975625756,-0.06948467166265554,-0.9094069259491588,0.27275229587368316,65.42886987575542,32.780820924590756
