mean_amplitude,std_amplitude,rms_amplitude,num_peaks,mean_peak_interval,std_peak_interval,skewness,kurtosis,dominant_frequency,total_power,peak_power
0.011340326161521154,0.35229927800800176,0.35248175028277556,18,0.5647058823529412,0.1381728519797629,0.062336430733664405,1.7390239759607353,0.8202574491644855,0.939108172611315,0.1470440221224275
